screening,design,strategy,slots,rule,mean_response,sd_response,n,mean_elAppWT,mean_urScanWT,mean_OT,mean_OV
screening_1,S2-12-rule2,2,12,2,0.39649807440006263,0.06994555282858787,3800,17.24802128236842,2.6444815294736843,1.0814267228947367,0.39649807440006263
screening_1,S2-12-rule1,2,12,1,0.39893018758876353,0.06980115323552893,3800,16.613410566842106,2.700367550789474,1.130904095,0.39893018758876353
screening_1,S2-10-rule2,2,10,2,0.4075981449420426,0.06422281053723088,3800,14.43910447868421,2.8948598502631575,1.109813505,0.4075981449420426
screening_1,S2-10-rule1,2,10,1,0.40993780277360065,0.0640831170669322,3800,13.810775930526317,2.949577228684211,1.157720044736842,0.40993780277360065
screening_1,S1-12-rule2,1,12,2,0.44327754993316626,0.07061750260409323,3800,17.74654938105263,3.0387899468421056,0.7732272097368421,0.44327754993316626
screening_1,S1-12-rule1,1,12,1,0.447443465226086,0.07059576377351587,3800,17.101970655526316,3.110814187631579,0.823549285,0.447443465226086
screening_1,S1-10-rule2,1,10,2,0.4537395111554929,0.06563979421449431,3800,14.89298909868421,3.2858168986842102,0.7956204563157895,0.4537395111554929
screening_1,S1-10-rule1,1,10,1,0.457921365127924,0.06570795961323983,3800,14.253604681842106,3.3577063210526314,0.8454065594736843,0.457921365127924
