screening,design,strategy,slots,rule,mean_response,sd_response,n,mean_elAppWT,mean_urScanWT,mean_OT,mean_OV
screening_2,S2-12-rule2,2,12,2,0.39649807440006263,0.06994555282858787,3800,17.24802128236842,2.6444815294736843,1.0814267228947367,0.39649807440006263
screening_2,S2-14-rule2,2,14,2,0.4014377181093358,0.08389788773004866,3800,22.795650071842104,2.391743923421053,1.052048047368421,0.4014377181093358
screening_2,S3-14-rule2,3,14,2,0.40484706738460735,0.08337143266372697,3800,22.644929329736843,2.430502392368421,1.1170414352631577,0.40484706738460735
screening_2,S2-12-rule3,2,12,3,0.40685436673454467,0.06972450394589523,3800,17.213801258421054,2.7395213760526316,1.1213078015789473,0.40685436673454467
screening_2,S3-12-rule2,3,12,2,0.40695164345969087,0.06876238840596112,3800,17.090817212105264,2.746985297631579,1.1646906031578947,0.40695164345969087
screening_2,S3-14-rule3,3,14,3,0.40902763905962825,0.08335030602241031,3800,22.570784083421053,2.472099604210526,1.1603332278947367,0.40902763905962825
screening_2,S3-12-rule3,3,12,3,0.4118443858427318,0.06884736738905789,3800,17.023567261578947,2.794622655,1.213101725263158,0.4118443858427318
screening_2,S2-14-rule3,2,14,3,0.41657176182278616,0.08366972024106807,3800,22.741841970789473,2.5308328936842104,1.0954017213157896,0.41657176182278616
