screening,low_strategy,high_strategy,low_rule,high_rule,low_slots,high_slots,term,meaning,beta,se_beta,ci_low_beta,ci_high_beta,effect_high_minus_low,ci_low_effect,ci_high_effect,significant,df_resid,n_obs,mse
screening_4,2,3,2,4,12,14,Intercept,Grand mean,0.4030625191063593,0.00044032786775579145,0.4021994579726884,0.4039255802400302,,,,False,30392,30400,0.005894214386119798
screening_4,2,3,2,4,12,14,S_code,S: strategy high vs low,0.003481008575083348,0.00044032786775579145,0.0026179474414124576,0.004344069708754238,0.006962017150166696,0.005235894882824915,0.008688139417508477,True,30392,30400,0.005894214386119798
screening_4,2,3,2,4,12,14,R_code,R: rule high vs low,0.0006288932679354633,0.00044032786775579145,-0.000234167865735427,0.0014919544016063534,0.0012577865358709265,-0.000468335731470854,0.002983908803212707,False,30392,30400,0.005894214386119798
screening_4,2,3,2,4,12,14,N_code,N: urgent slots high vs low,0.0006316902853487827,0.00044032786775579145,-0.0002313708483221076,0.001494751419019673,0.0012633805706975653,-0.0004627416966442152,0.002989502838039346,False,30392,30400,0.005894214386119798
screening_4,2,3,2,4,12,14,S_R,S*R interaction,1.527899135860686e-05,0.00044032786775579145,-0.0008477821423122834,0.0008783401250294971,3.055798271721372e-05,-0.0016955642846245669,0.0017566802500589942,False,30392,30400,0.005894214386119798
screening_4,2,3,2,4,12,14,S_N,S*N interaction,-0.0018665621642652308,0.00044032786775579145,-0.002729623297936121,-0.0010035010305943404,-0.0037331243285304615,-0.005459246595872242,-0.0020070020611886808,True,30392,30400,0.005894214386119798
screening_4,2,3,2,4,12,14,R_N,R*N interaction,-7.707662319861945e-05,0.00044032786775579145,-0.0009401377568695097,0.0007859845104722708,-0.0001541532463972389,-0.0018802755137390195,0.0015719690209445416,False,30392,30400,0.005894214386119798
screening_4,2,3,2,4,12,14,S_R_N,S*R*N interaction,-0.00010550721817565585,0.00044032786775579145,-0.0009685683518465461,0.0007575539154952344,-0.0002110144363513117,-0.0019371367036930922,0.0015151078309904688,False,30392,30400,0.005894214386119798
