screening,design,strategy,slots,rule,mean_response,sd_response,n,mean_elAppWT,mean_urScanWT,mean_OT,mean_OV
screening_2,S2-12-rule2,2,12,2,0.3935237736647361,0.07000807156786985,740,16.86947401891892,2.6379921405405407,1.0756787378378379,0.3935237736647361
screening_2,S2-14-rule2,2,14,2,0.39949146012588943,0.0817675742471623,1160,22.293013475862068,2.4011545620689656,1.0544336068965519,0.39949146012588943
screening_2,S3-14-rule2,3,14,2,0.402100514951081,0.08197983458856346,1160,22.105702654310345,2.4346705637931034,1.1177924948275864,0.402100514951081
screening_2,S2-12-rule3,2,12,3,0.4038317554000429,0.07008049711475206,740,16.86192293243243,2.731168498648649,1.1147893216216216,0.4038317554000429
screening_2,S3-12-rule2,3,12,2,0.40465463091484344,0.068937167941135,740,16.725882105405404,2.74586227972973,1.1582669527027027,0.40465463091484344
screening_2,S3-14-rule3,3,14,3,0.4062142116721401,0.08195739885909117,1160,22.02908068275862,2.4757985827586206,1.1605325818965517,0.4062142116721401
screening_2,S3-12-rule3,3,12,3,0.4093247678061991,0.06914025110673029,740,16.630469777027027,2.7930048864864867,1.2061254743243244,0.4093247678061991
screening_2,S2-14-rule3,2,14,3,0.41439659802442524,0.08151213801754763,1160,22.213556309482758,2.5395574370689653,1.0968842172413793,0.41439659802442524
