screening,low_strategy,high_strategy,low_rule,high_rule,low_slots,high_slots,term,meaning,beta,se_beta,ci_low_beta,ci_high_beta,effect_high_minus_low,ci_low_effect,ci_high_effect,significant,df_resid,n_obs,mse
screening_1,1,2,1,2,10,12,Intercept,Grand mean,0.4269182626433922,0.000387895112217954,0.42615797191502547,0.427678553371759,,,,False,30392,30400,0.004574063589710404
screening_1,1,2,1,2,10,12,S_code,S: strategy high vs low,-0.023677210217273637,0.000387895112217954,-0.02443750094564038,-0.022916919488906895,-0.047354420434547274,-0.04887500189128076,-0.04583383897781379,True,30392,30400,0.004574063589710404
screening_1,1,2,1,2,10,12,R_code,R: rule high vs low,-0.0016399425357012437,0.000387895112217954,-0.0024002332640679844,-0.0008796518073345029,-0.0032798850714024874,-0.004800466528135969,-0.0017593036146690058,True,30392,30400,0.004574063589710404
screening_1,1,2,1,2,10,12,N_code,N: urgent slots high vs low,-0.005380943356372615,0.000387895112217954,-0.006141234084739355,-0.004620652628005874,-0.01076188671274523,-0.01228246816947871,-0.009241305256011748,True,30392,30400,0.004574063589710404
screening_1,1,2,1,2,10,12,S_R,S*R interaction,0.000446999780636416,0.000387895112217954,-0.0003132909477303248,0.0012072905090031566,0.000893999561272832,-0.0006265818954606496,0.0024145810180063133,False,30392,30400,0.004574063589710404
screening_1,1,2,1,2,10,12,S_N,S*N interaction,-0.00014597807533159164,0.000387895112217954,-0.0009062688036983324,0.0006143126530351492,-0.00029195615066318327,-0.0018125376073966648,0.0012286253060702983,False,30392,30400,0.004574063589710404
screening_1,1,2,1,2,10,12,R_N,R*N interaction,-9.564584703959634e-06,0.000387895112217954,-0.0007698553130707004,0.0007507261436627812,-1.9129169407919268e-05,-0.0015397106261414008,0.0015014522873255623,False,30392,30400,0.004574063589710404
screening_1,1,2,1,2,10,12,S_R_N,S*R*N interaction,-1.3549254581716433e-05,0.000387895112217954,-0.0007738399829484572,0.0007467414737850243,-2.7098509163432865e-05,-0.0015476799658969145,0.0014934829475700487,False,30392,30400,0.004574063589710404
