screening,low_strategy,high_strategy,low_rule,high_rule,low_slots,high_slots,term,meaning,beta,se_beta,ci_low_beta,ci_high_beta,effect_high_minus_low,ci_low_effect,ci_high_effect,significant,df_resid,n_obs,mse
screening_4,2,3,2,4,12,14,Intercept,Grand mean,0.4005494945309669,0.0009085879862115622,0.39876841085034126,0.4023305782115925,,,,False,7592,7600,0.005967467614869591
screening_4,2,3,2,4,12,14,S_code,S: strategy high vs low,0.0034356958845602925,0.0009085879862115622,0.0016546122039346792,0.005216779565185906,0.006871391769120585,0.0033092244078693584,0.010433559130371813,True,7592,7600,0.005967467614869591
screening_4,2,3,2,4,12,14,R_code,R: rule high vs low,0.0006068996168293448,0.0009085879862115622,-0.0011741840637962686,0.002387983297454958,0.0012137992336586896,-0.002348368127592537,0.004775966594909916,False,7592,7600,0.005967467614869591
screening_4,2,3,2,4,12,14,N_code,N: urgent slots high vs low,0.000775758735573299,0.0009085879862115624,-0.0010053249450523148,0.0025568424161989127,0.001551517471146598,-0.0020106498901046295,0.005113684832397825,False,7592,7600,0.005967467614869591
screening_4,2,3,2,4,12,14,S_R,S*R interaction,7.178657355716252e-07,0.0009085879862115622,-0.0017803658148900416,0.001781801546361185,1.4357314711432504e-06,-0.0035607316297800833,0.00356360309272237,False,7592,7600,0.005967467614869591
screening_4,2,3,2,4,12,14,S_N,S*N interaction,-0.0022082045330447863,0.0009085879862115624,-0.0039892882136704,-0.0004271208524191726,-0.004416409066089573,-0.0079785764273408,-0.0008542417048383452,True,7592,7600,0.005967467614869591
screening_4,2,3,2,4,12,14,R_N,R*N interaction,-7.763388877448208e-05,0.0009085879862115624,-0.0018587175694000958,0.0017034497918511316,-0.00015526777754896416,-0.0037174351388001917,0.0034068995837022633,False,7592,7600,0.005967467614869591
screening_4,2,3,2,4,12,14,S_R_N,S*R*N interaction,-7.775392681589253e-05,0.0009085879862115624,-0.0018588376074415063,0.0017033297538097212,-0.00015550785363178506,-0.0037176752148830126,0.0034066595076194424,False,7592,7600,0.005967467614869591
