screening,low_strategy,high_strategy,low_rule,high_rule,low_slots,high_slots,term,meaning,beta,se_beta,ci_low_beta,ci_high_beta,effect_high_minus_low,ci_low_effect,ci_high_effect,significant,df_resid,n_obs,mse
screening_3,2,3,2,3,14,16,Intercept,Grand mean,0.431147279679015,0.0006275916089781338,0.4299171737393487,0.43237738561868133,,,,False,30392,30400,0.01197368532085679
screening_3,2,3,2,3,14,16,S_code,S: strategy high vs low,-0.0055135390732036,0.0006275916089781338,-0.006743645012869923,-0.004283433133537276,-0.0110270781464072,-0.013487290025739847,-0.008566866267074553,True,30392,30400,0.01197368532085679
screening_3,2,3,2,3,14,16,R_code,R: rule high vs low,0.004972894853540096,0.0006275916089781338,0.0037427889138737726,0.006203000793206419,0.009945789707080191,0.007485577827747545,0.012406001586412838,True,30392,30400,0.01197368532085679
screening_3,2,3,2,3,14,16,N_code,N: urgent slots high vs low,0.023176233084925467,0.0006275916089781338,0.021946127145259144,0.02440633902459179,0.046352466169850934,0.04389225429051829,0.04881267804918358,True,30392,30400,0.01197368532085679
screening_3,2,3,2,3,14,16,S_R,S*R interaction,-0.0027275676792240166,0.0006275916089781338,-0.00395767361889034,-0.0014974617395576936,-0.005455135358448033,-0.00791534723778068,-0.002994923479115387,True,30392,30400,0.01197368532085679
screening_3,2,3,2,3,14,16,S_N,S*N interaction,-0.004479845701233209,0.0006275916089781338,-0.005709951640899533,-0.003249739761566886,-0.008959691402466418,-0.011419903281799065,-0.006499479523133772,True,30392,30400,0.01197368532085679
screening_3,2,3,2,3,14,16,R_N,R*N interaction,0.0001442410064221508,0.0006275916089781338,-0.0010858649332441722,0.0013743469460884739,0.0002884820128443016,-0.0021717298664883445,0.0027486938921769477,False,30392,30400,0.01197368532085679
screening_3,2,3,2,3,14,16,S_R_N,S*R*N interaction,1.0800330383198398e-05,0.0006275916089781338,-0.0012193056092831246,0.0012409062700495215,2.1600660766396795e-05,-0.002438611218566249,0.002481812540099043,False,30392,30400,0.01197368532085679
