design,strategy,slots,rule,mean_elAppWT,mean_urScanWT,mean_OT,mean_OV,n_weeks
S2-12-rule2,2,12,2,17.24802128236842,2.6444815294736843,1.0814267228947367,0.39649807440006263,3800
S2-14-rule2,2,14,2,22.795650071842108,2.3917439234210525,1.052048047368421,0.40143771810933576,3800
S2-12-rule3,2,12,3,17.21380125842105,2.739521376052632,1.1213078015789473,0.40685436673454467,3800
S2-14-rule3,2,14,3,22.741841970789476,2.530832893684211,1.0954017213157896,0.41657176182278616,3800
