screening,design,strategy,slots,rule,mean_response,sd_response,n,mean_elAppWT,mean_urScanWT,mean_OT,mean_OV
screening_4,S2-12-rule2,2,12,2,0.39649807440006263,0.06994555282858787,3800,17.24802128236842,2.6444815294736843,1.0814267228947367,0.39649807440006263
screening_4,S2-12-rule4,2,12,4,0.3976684417632623,0.06985484261392884,3800,16.686575209210528,2.685092303947368,1.119067367631579,0.3976684417632623
screening_4,S2-14-rule2,2,14,2,0.4014377181093358,0.08389788773004866,3800,22.795650071842104,2.391743923421053,1.052048047368421,0.4014377181093358
screening_4,S2-14-rule4,2,14,4,0.4027218078524436,0.08384969178259417,3800,22.224449719210526,2.4339007500000003,1.0915723807894737,0.4027218078524436
screening_4,S3-14-rule2,3,14,2,0.40484706738460735,0.08337143266372697,3800,22.644929329736843,2.430502392368421,1.1170414352631577,0.40484706738460735
screening_4,S3-14-rule4,3,14,4,0.40577024422044694,0.08320292525358468,3800,22.092770404473686,2.4683909263157893,1.1561179105263157,0.40577024422044694
screening_4,S3-12-rule2,3,12,2,0.40695164345969087,0.06876238840596112,3800,17.090817212105264,2.746985297631579,1.1646906031578947,0.40695164345969087
screening_4,S3-12-rule4,3,12,4,0.40860515566102756,0.06863104763732447,3800,16.542106346842104,2.7912621323684212,1.2096386476315788,0.40860515566102756
