screening,design,strategy,slots,rule,mean_response,sd_response,n,mean_elAppWT,mean_urScanWT,mean_OT,mean_OV
screening_4,S2-12-rule2,2,12,2,0.3935237736647361,0.07000807156786985,740,16.86947401891892,2.6379921405405407,1.0756787378378379,0.3935237736647361
screening_4,S2-12-rule4,2,12,4,0.39473589709084084,0.07000481535784302,740,16.331461006756758,2.677723377027027,1.1128040702702702,0.39473589709084084
screening_4,S2-14-rule2,2,14,2,0.39949146012588943,0.0817675742471623,1160,22.293013475862068,2.4011545620689656,1.0544336068965519,0.39949146012588943
screening_4,S2-14-rule4,2,14,4,0.4007040637041598,0.08180728380477859,1160,21.721771755172416,2.4426702293103446,1.093451927586207,0.4007040637041598
screening_4,S3-14-rule2,3,14,2,0.402100514951081,0.08197983458856346,1160,22.105702654310345,2.4346705637931034,1.1177924948275864,0.402100514951081
screening_4,S3-14-rule4,3,14,4,0.40300497428503007,0.08179539243058581,1160,21.557499801724138,2.4721787077586206,1.156682302586207,0.40300497428503007
screening_4,S3-12-rule2,3,12,2,0.40465463091484344,0.068937167941135,740,16.725882105405404,2.74586227972973,1.1582669527027027,0.40465463091484344
screening_4,S3-12-rule4,3,12,4,0.406180641511154,0.06882368669314445,740,16.164080332432434,2.789692898648649,1.2027983337837838,0.406180641511154
