screening,design,strategy,slots,rule,mean_response,sd_response,n,mean_elAppWT,mean_urScanWT,mean_OT,mean_OV
screening_3,S2-14-rule2,2,14,2,0.4014377181093358,0.08389788773004866,3800,22.795650071842104,2.391743923421053,1.052048047368421,0.4014377181093358
screening_3,S3-14-rule2,3,14,2,0.40484706738460735,0.08337143266372697,3800,22.644929329736843,2.430502392368421,1.1170414352631577,0.40484706738460735
screening_3,S3-14-rule3,3,14,3,0.40902763905962825,0.08335030602241031,3800,22.570784083421053,2.472099604210526,1.1603332278947367,0.40902763905962825
screening_3,S2-14-rule3,2,14,3,0.41657176182278616,0.08366972024106807,3800,22.741841970789473,2.5308328936842104,1.0954017213157896,0.41657176182278616
screening_3,S3-16-rule2,3,16,2,0.4419297594783835,0.1297670969523429,3800,37.100415004999995,1.9898456028947369,0.7232473357894736,0.4419297594783835
screening_3,S3-16-rule3,3,16,3,0.4467304965006266,0.1299197017945715,3800,37.061177574210525,2.0351542413157895,0.7673076939473684,0.4467304965006266
screening_3,S2-16-rule2,2,16,2,0.45648299432957395,0.13063234445981464,3800,37.17128651684211,2.1170280284210525,0.8634313728947368,0.45648299432957395
screening_3,S2-16-rule3,2,16,3,0.47215080074718047,0.13064646123314347,3800,37.15193448131579,2.259075002368421,0.9071966371052631,0.47215080074718047
