screening,low_strategy,high_strategy,low_rule,high_rule,low_slots,high_slots,term,meaning,beta,se_beta,ci_low_beta,ci_high_beta,effect_high_minus_low,ci_low_effect,ci_high_effect,significant,df_resid,n_obs,mse
screening_2,2,3,2,3,12,14,Intercept,Grand mean,0.40419221406991984,0.000908738285689163,0.4024108357607598,0.4059735923790799,,,,False,7592,7600,0.005969442066353317
screening_2,2,3,2,3,12,14,S_code,S: strategy high vs low,0.0013813172661462205,0.000908738285689163,-0.0004000610430138045,0.0031626955753062454,0.002762634532292441,-0.000800122086027609,0.006325391150612491,False,7592,7600,0.005969442066353317
screening_2,2,3,2,3,12,14,R_code,R: rule high vs low,0.004249619155782138,0.000908738285689163,0.0024682408466221127,0.006030997464942163,0.008499238311564275,0.004936481693244225,0.012061994929884325,True,7592,7600,0.005969442066353317
screening_2,2,3,2,3,12,14,N_code,N: urgent slots high vs low,0.001358482123464367,0.0009087382856891632,-0.00042289618569565815,0.0031398604326243924,0.002716964246928734,-0.0008457923713913163,0.006279720865248785,False,7592,7600,0.005969442066353317
screening_2,2,3,2,3,12,14,S_R,S*R interaction,-0.0020536607526784184,0.000908738285689163,-0.0038350390618384434,-0.00027228244351839345,-0.004107321505356837,-0.007670078123676887,-0.0005445648870367869,True,7592,7600,0.005969442066353317
screening_2,2,3,2,3,12,14,S_N,S*N interaction,-0.0027746501479195824,0.0009087382856891632,-0.004556028457079608,-0.0009932718387595572,-0.005549300295839165,-0.009112056914159216,-0.0019865436775191145,True,7592,7600,0.005969442066353317
screening_2,2,3,2,3,12,14,R_N,R*N interaction,0.0005050894991165834,0.0009087382856891632,-0.0012762888100434418,0.0022864678082766083,0.0010101789982331667,-0.0025525776200868836,0.004572935616553217,False,7592,7600,0.005969442066353317
screening_2,2,3,2,3,12,14,S_R_N,S*R*N interaction,-0.0006441995416906751,0.0009087382856891632,-0.0024255778508507,0.0011371787674693502,-0.0012883990833813502,-0.0048511557017014,0.0022743575349387004,False,7592,7600,0.005969442066353317
