screening,design,strategy,slots,rule,mean_response,sd_response,n,mean_elAppWT,mean_urScanWT,mean_OT,mean_OV
screening_3,S2-14-rule2,2,14,2,0.39949146012588943,0.0817675742471623,1160,22.293013475862068,2.4011545620689656,1.0544336068965519,0.39949146012588943
screening_3,S3-14-rule2,3,14,2,0.402100514951081,0.08197983458856346,1160,22.105702654310345,2.4346705637931034,1.1177924948275864,0.402100514951081
screening_3,S3-14-rule3,3,14,3,0.4062142116721401,0.08195739885909117,1160,22.02908068275862,2.4757985827586206,1.1605325818965517,0.4062142116721401
screening_3,S2-14-rule3,2,14,3,0.41439659802442524,0.08151213801754763,1160,22.213556309482758,2.5395574370689653,1.0968842172413793,0.41439659802442524
screening_3,S3-16-rule2,3,16,2,0.45159154779649785,0.13551725271763654,4070,38.64895519705159,1.9938441874692876,0.7270041137592138,0.45159154779649785
screening_3,S3-16-rule3,3,16,3,0.45642571371826374,0.13568620116651256,4070,38.61276101523342,2.0392906547911545,0.7713126262899263,0.45642571371826374
screening_3,S2-16-rule2,2,16,2,0.466458284996685,0.1361457759883134,4070,38.726522602457,2.1234894255528256,0.86969362997543,0.466458284996685
screening_3,S2-16-rule3,2,16,3,0.4820544417485667,0.13623792322713185,4070,38.70592318280099,2.2649583766584764,0.9134585805896805,0.4820544417485667
