screening,low_strategy,high_strategy,low_rule,high_rule,low_slots,high_slots,term,meaning,beta,se_beta,ci_low_beta,ci_high_beta,effect_high_minus_low,ci_low_effect,ci_high_effect,significant,df_resid,n_obs,mse
screening_2,2,3,2,3,12,14,Intercept,Grand mean,0.40675408210167324,0.00044035562321939213,0.4058909665661268,0.4076171976372197,,,,False,30392,30400,0.005894957476988554
screening_2,2,3,2,3,12,14,S_code,S: strategy high vs low,0.0014136018349910425,0.00044035562321939213,0.0005504862994445615,0.0022767173705375236,0.002827203669982085,0.001100972598889123,0.004553434741075047,True,30392,30400,0.005894957476988554
screening_2,2,3,2,3,12,14,R_code,R: rule high vs low,0.00432045626324922,0.00044035562321939213,0.0034573407277027385,0.0051835717987957,0.00864091252649844,0.006914681455405477,0.0103671435975914,True,30392,30400,0.005894957476988554
screening_2,2,3,2,3,12,14,N_code,N: urgent slots high vs low,0.0012169644924159247,0.00044035562321939213,0.00035384895686944374,0.0020800800279624056,0.0024339289848318495,0.0007076979137388875,0.004160160055924811,True,30392,30400,0.005894957476988554
screening_2,2,3,2,3,12,14,S_R,S*R interaction,-0.0020521277487337863,0.00044035562321939213,-0.0029152432842802674,-0.0011890122131873052,-0.004104255497467573,-0.005830486568560535,-0.0023780244263746104,True,30392,30400,0.005894957476988554
screening_2,2,3,2,3,12,14,S_N,S*N interaction,-0.002447295206963242,0.00044035562321939213,-0.003310410742509723,-0.001584179671416761,-0.004894590413926484,-0.006620821485019446,-0.003168359342833522,True,30392,30400,0.005894957476988554
screening_2,2,3,2,3,12,14,R_N,R*N interaction,0.0005081975838685067,0.00044035562321939213,-0.00035491795167797433,0.0013713131194149878,0.0010163951677370133,-0.0007098359033559487,0.0027426262388299755,False,30392,30400,0.005894957476988554
screening_2,2,3,2,3,12,14,S_R_N,S*R*N interaction,-0.0006862402608735984,0.00044035562321939213,-0.0015493557964200793,0.00017687527467288259,-0.0013724805217471968,-0.0030987115928401586,0.00035375054934576517,False,30392,30400,0.005894957476988554
