screening,low_strategy,high_strategy,low_rule,high_rule,low_slots,high_slots,term,meaning,beta,se_beta,ci_low_beta,ci_high_beta,effect_high_minus_low,ci_low_effect,ci_high_effect,significant,df_resid,n_obs,mse
screening_1,1,2,1,2,10,12,Intercept,Grand mean,0.42503019869856623,0.0011350590660990049,0.42280488736607125,0.4272555100310612,,,,False,4232,4240,0.004605032920464053
screening_1,1,2,1,2,10,12,S_code,S: strategy high vs low,-0.02445688128345257,0.0011350590660990049,-0.02668219261594755,-0.02223156995095759,-0.04891376256690514,-0.0533643852318951,-0.04446313990191518,True,4232,4240,0.004605032920464053
screening_1,1,2,1,2,10,12,R_code,R: rule high vs low,-0.0016385161962115084,0.0011350590660990049,-0.0038638275287064872,0.0005867951362834704,-0.003277032392423017,-0.0077276550574129745,0.0011735902725669408,False,4232,4240,0.004605032920464053
screening_1,1,2,1,2,10,12,N_code,N: urgent slots high vs low,-0.0050756651949732425,0.001135059066099005,-0.007300976527468222,-0.002850353862478263,-0.010151330389946485,-0.014601953054936443,-0.005700707724956526,True,4232,4240,0.004605032920464053
screening_1,1,2,1,2,10,12,S_R,S*R interaction,0.00040550509201309166,0.0011350590660990049,-0.0018198062404818872,0.0026308164245080704,0.0008110101840261833,-0.0036396124809637744,0.005261632849016141,False,4232,4240,0.004605032920464053
screening_1,1,2,1,2,10,12,S_N,S*N interaction,-0.0006973358081923853,0.001135059066099005,-0.0029226471406873645,0.001527975524302594,-0.0013946716163847706,-0.005845294281374729,0.003055951048605188,False,4232,4240,0.004605032920464053
screening_1,1,2,1,2,10,12,R_N,R*N interaction,-4.269170851893102e-06,0.001135059066099005,-0.0022295805033468725,0.002221042161643086,-8.538341703786204e-06,-0.004459161006693745,0.004442084323286172,False,4232,4240,0.004605032920464053
screening_1,1,2,1,2,10,12,S_R_N,S*R*N interaction,-3.9262472161105676e-05,0.001135059066099005,-0.002264573804656085,0.0021860488603338735,-7.852494432221135e-05,-0.00452914760931217,0.004372097720667747,False,4232,4240,0.004605032920464053
