screening,design,strategy,slots,rule,mean_response,sd_response,n,mean_elAppWT,mean_urScanWT,mean_OT,mean_OV
screening_1,S2-12-rule2,2,12,2,0.3935237736647361,0.07000807156786985,740,16.86947401891892,2.6379921405405407,1.0756787378378379,0.3935237736647361
screening_1,S2-12-rule1,2,12,1,0.39607685915915913,0.07005775669320505,740,16.274114367567567,2.692864177027027,1.1245737108108107,0.39607685915915913
screening_1,S2-10-rule2,2,10,2,0.40515683895709326,0.06332892188964105,320,14.396249478125,2.8751839,1.08219396875,0.40515683895709326
screening_1,S2-10-rule1,2,10,1,0.4075357978794643,0.06352346357963332,320,13.807758293750002,2.92812084375,1.12917871875,0.4075357978794643
screening_1,S1-12-rule2,1,12,2,0.4430997226083226,0.06832152536606032,740,17.3265436972973,3.059689805405405,0.7844607486486486,0.4430997226083226
screening_1,S1-12-rule1,1,12,1,0.4471177785821536,0.06851895014258816,740,16.690725443243245,3.1299140013513513,0.8339198945945946,0.4471177785821536
screening_1,S1-10-rule2,1,10,2,0.45178639477926585,0.06549351842681414,320,14.82074690625,3.2721089687499996,0.765136221875,0.45178639477926585
screening_1,S1-10-rule1,1,10,1,0.45594442395833334,0.06590446295888015,320,14.1988168,3.3428489156250003,0.8139078281250001,0.45594442395833334
