screening,low_strategy,high_strategy,low_rule,high_rule,low_slots,high_slots,term,meaning,beta,se_beta,ci_low_beta,ci_high_beta,effect_high_minus_low,ci_low_effect,ci_high_effect,significant,df_resid,n_obs,mse
screening_3,2,3,2,3,14,16,Intercept,Grand mean,0.43484159662919225,0.0010478048803684585,0.4327878179303971,0.4368953753279874,,,,False,20912,20920,0.01585738337850823
screening_3,2,3,2,3,14,16,S_code,S: strategy high vs low,-0.005758599594698586,0.0010478048803684585,-0.007812378293493717,-0.003704820895903455,-0.011517199189397172,-0.015624756586987434,-0.00740964179180691,True,20912,20920,0.01585738337850823
screening_3,2,3,2,3,14,16,R_code,R: rule high vs low,0.004931144661655271,0.0010478048803684585,0.0028773659628601395,0.006984923360450402,0.009862289323310541,0.005754731925720279,0.013969846720900804,True,20912,20920,0.01585738337850823
screening_3,2,3,2,3,14,16,N_code,N: urgent slots high vs low,0.02929090043581183,0.0010478048803684585,0.027237121737016697,0.03134467913460696,0.05858180087162366,0.054474243474033394,0.06268935826921392,True,20912,20920,0.01585738337850823
screening_3,2,3,2,3,14,16,S_R,S*R interaction,-0.002694179000949356,0.0010478048803684585,-0.004747957699744487,-0.000640400302154225,-0.005388358001898712,-0.009495915399488974,-0.00128080060430845,True,20912,20920,0.01585738337850823
screening_3,2,3,2,3,14,16,S_N,S*N interaction,-0.00436526671292455,0.0010478048803684585,-0.006419045411719681,-0.0023114880141294186,-0.0087305334258491,-0.012838090823439362,-0.004622976028258837,True,20912,20920,0.01585738337850823
screening_3,2,3,2,3,14,16,R_N,R*N interaction,0.00017643600675653959,0.0010478048803684585,-0.0018773426920385915,0.002230214705551671,0.00035287201351307917,-0.003754685384077183,0.004460429411103342,False,20912,20920,0.01585738337850823
screening_3,2,3,2,3,14,16,S_R_N,S*R*N interaction,3.681293420097296e-06,0.0010478048803684585,-0.0020500974053750337,0.0020574599922152286,7.362586840194592e-06,-0.0041001948107500675,0.004114919984430457,False,20912,20920,0.01585738337850823
