final_rank,label,urgent_slots,strategy,rule,rule_name,OV_mean,OV_lower95,OV_upper95,elAppWT_mean,urScanWT_mean,elScanWT_mean,elScanWT_lower95,elScanWT_upper95,OT_mean,OT_lower95,OT_upper95,n_batches,rank_OV,rank_elScanWT,rank_OT
1,15 slots | S3 - Bailey-Welch,15,3,2,Bailey-Welch,0.41274708,0.40035806,0.42513610,28.10238126,2.20923904,0.17801036,0.17724009,0.17878064,0.91820549,0.90573189,0.93067909,60,1,6,1
2,15 slots | S3 - Benchmarking,15,3,4,Benchmarking,0.41384896,0.40140086,0.42629705,27.54779398,2.24886592,0.07826322,0.07772609,0.07880036,0.95779915,0.94536483,0.97023347,60,2,3,3
3,15 slots | S3 - FCFS,15,3,1,FCFS,0.41522034,0.40281798,0.42762269,27.48171824,2.26474814,0.07668067,0.07613380,0.07722754,0.97006620,0.95766557,0.98246683,60,3,1,5
4,15 slots | S3 - Blocking,15,3,3,Blocking,0.41729871,0.40488211,0.42971531,28.05318457,2.25283920,0.17883064,0.17826802,0.17939325,0.96212493,0.94965984,0.97459002,60,4,7,4
5,15 slots | S2 - Bailey-Welch,15,2,2,Bailey-Welch,0.41824446,0.40585542,0.43063350,28.14843931,2.25624803,0.17317389,0.17244529,0.17390249,0.95770638,0.94455480,0.97085796,60,5,5,2
6,15 slots | S2 - Benchmarking,15,2,4,Benchmarking,0.41976591,0.40731195,0.43221986,27.59310869,2.29969090,0.07879831,0.07831759,0.07927903,0.99780500,0.98469888,1.01091111,60,6,4,6
7,15 slots | S2 - FCFS,15,2,1,FCFS,0.42106749,0.40867754,0.43345744,27.50910843,2.31590518,0.07750858,0.07703115,0.07798601,1.01017437,0.99709053,1.02325821,60,7,2,7
